rango_etario,cantidad_victimas,gravedad,sexo,gravedad_num,tipo_vehiculo
De 0 a 13 anos,1680,herido,Hombre,0,General / No Especificado
De 14 a 17 anos,2890,herido,Hombre,0,General / No Especificado
De 18 a 29 anos,1415,herido,Hombre,0,General / No Especificado
De 30 a 39 anos,6090,herido,Hombre,0,General / No Especificado
De 40 a 49 anos,3800,herido,Hombre,0,General / No Especificado
De 50 a 59 anos,2040,herido,Hombre,0,General / No Especificado
De 60 anos y mas,1550,herido,Hombre,0,General / No Especificado
Ignorado,2210,herido,Hombre,0,General / No Especificado
De 0 a 13 anos,1030,herido,Mujer,0,General / No Especificado
De 14 a 17 anos,1030,herido,Mujer,0,General / No Especificado
De 18 a 29 anos,4040,herido,Mujer,0,General / No Especificado
De 30 a 39 anos,1620,herido,Mujer,0,General / No Especificado
De 40 a 49 anos,1240,herido,Mujer,0,General / No Especificado
De 50 a 59 anos,580,herido,Mujer,0,General / No Especificado
De 60 anos y mas,470,herido,Mujer,0,General / No Especificado
Ignorado,710,herido,Mujer,0,General / No Especificado
De 0 a 13 anos,25,herido,Hombre,0,General / No Especificado
De 14 a 17 anos,48,herido,Hombre,0,General / No Especificado
De 18 a 29 anos,284,herido,Hombre,0,General / No Especificado
De 30 a 39 anos,149,herido,Hombre,0,General / No Especificado
De 40 a 49 anos,115,herido,Hombre,0,General / No Especificado
De 50 a 59 anos,89,herido,Hombre,0,General / No Especificado
De 60 anos y mas,90,herido,Hombre,0,General / No Especificado
Ignorado,50,herido,Hombre,0,General / No Especificado
De 0 a 13 anos,10,herido,Mujer,0,General / No Especificado
De 14 a 17 anos,9,herido,Mujer,0,General / No Especificado
De 18 a 29 anos,40,herido,Mujer,0,General / No Especificado
De 30 a 39 anos,20,herido,Mujer,0,General / No Especificado
De 40 a 49 anos,14,herido,Mujer,0,General / No Especificado
De 50 a 59 anos,10,herido,Mujer,0,General / No Especificado
De 60 anos y mas,16,herido,Mujer,0,General / No Especificado
Ignorado,11,herido,Mujer,0,General / No Especificado
